name|orcid|month_of_birth|year_of_birth|mail
Gilles Guette|9404-5450-4767-7840|6|1985|YfArdk@duck.com
Renaud Pacalet|2886-4313-9155-9063|12|1952|rtqvdU@outlook.it
Hak-Keung Lam|2629-3989-5026-3274|6|1942|MqzpA@duck.com
Sebastian J. F. Fudickar|0000-0002-3553-5131|7|1977|SIUciJ@duck.com
Cristiana Amza|6548-4280-5081-9705|6|1949|qSnAR@duck.com
Afshan Nourizadeh|2570-5168-4862-2639|2|1956|IohnGo@mail.polimi.it
Willem-Jan van den Heuvel|7290-9549-8348-3983|4|1960|kuEOn@duck.com
Arthur Foltz|8539-1372-8582-8655|1|1942|KASLRX@mail.polimi.it
Luis M. Camarinha-Matos|0000-0003-0594-1961|4|1972|ybGNx@duck.com
Sebastian Görg|7498-1590-5157-2600|1|1966|zSmpwL@duck.com
Dominique Borrione|7922-6334-9671-0591|4|1980|OfIAMl@mail.polimi.it
Stefan Gudenkauf|7632-0239-5194-6724|7|1957|LUdRGtE@gmail.com
Noura Faci|0452-9872-8161-3093|7|1964|egrZeW@duck.com
Alexander Schill|9923-3230-7677-1123|4|1959|LBPDuj@tiscali.it
Françoise Fabret|2097-0916-5700-8606|8|1951|wlzfI@duck.com
Wei Ren 0001|4636-3343-7197-3487|4|1955|mYnlxi@gmail.com
Yoshiaki Sugiyama|5106-7368-4109-6482|4|1952|ZbbnqH@gmail.com
Moulay Driss Mechaoui|0000-0001-7480-2071|9|1951|nKKscT@duck.com
Werner Emde|8145-8429-0074-4052|6|1973|eTMBh@duck.com
Geoffrey Simmons|5316-5762-8534-1049|12|1967|YaMvEo@outlook.it
Benjamin Venelle|7248-6040-1292-6292|7|1944|kwasc@mail.polimi.it
Özalp Babaoglu|0000-0001-5848-1319|9|1974|MShGw@gmail.com
Julien Haillot|0834-2990-1623-8955|12|1971|OBsod@gmail.com
Antoni Buades|0594-7849-5877-9256|4|1956|bHbqJ@gmail.com
Krassimir T. Atanassov|2361-9449-5420-6245|12|1989|oQMjI@gmail.com
Abdullah Alghamdi|4611-2561-1873-4936|2|1946|AzTNgG@outlook.it
Yuichiro Anzai|8375-2567-3199-0491|3|1978|iJrig@outlook.it
J. Christopher Westland|0000-0003-2224-4543|6|1947|QQaFKS@gmail.com
Mariá C. V. Nascimento|5815-5174-8720-4019|12|1975|lMcSre@duck.com
Ebtisam Amar|7713-5651-8043-2149|11|1985|ilGeXnP@tiscali.it
Markus Schedl|0373-7360-2181-7626|12|1965|PJHAFX@tiscali.it
JinRong Wang 0001|0000-0002-6642-1946|11|1968|AXMaD@mail.polimi.it
Naveen Srinivasan|7479-6199-8425-6685|6|1984|aBWav@tiscali.it
Michael Gillmann|9355-7878-6617-5100|10|1963|iyxkn@gmail.com
Václav Rajlich|7019-0453-2569-2977|7|1946|gATErpm@mail.polimi.it
Jack K. Hale|5316-8257-7021-2067|2|1957|qTuzpG@outlook.it
Roberto García 0001|2348-6316-2261-6207|8|1967|kCQpb@tiscali.it
Sparsh Mittal|1186-1770-4878-6897|12|1977|jTViZL@mail.polimi.it
Manfred A. Jeusfeld|0000-0002-9421-8566|12|1954|OeOkIK@duck.com
Amira Meharouech|5268-1068-3232-1624|10|1987|OmAeO@outlook.it
Alexandre A. B. Lima|1090-0155-9313-9078|3|1982|opoiIy@outlook.it
Irene T. P. Vanderfeesten|7307-1405-7193-2312|10|1959|oeXFD@mail.polimi.it
Matthew O. Ward|9580-5167-0545-4649|6|1988|BwjQM@tiscali.it
Bjørn N. Freeman-Benson|9283-0641-1984-6088|5|1980|Cxdra@outlook.it
Shubhashis Sengupta|2173-7878-0191-8590|4|1968|IjuTsT@tiscali.it
Yun Shen|1267-6348-1767-1416|9|1977|tiUCgA@gmail.com
Michele Bezzi|1827-7841-6632-8388|2|1949|PMkQqzq@duck.com
Russell Martin|2480-7688-8448-9709|2|1961|yQLFHV@outlook.it
Christiane Feder|0555-2679-1173-8856|8|1958|tOVCd@gmail.com
Kevin S. Beyer|5695-8039-9107-7691|6|1976|MnGdrZs@gmail.com
Wijnand Derks|8555-4395-9219-3717|8|1947|NMVVg@gmail.com
Niranjan Suri|2498-8649-0529-5976|5|1981|aVWXO@duck.com
David Toman|0791-4984-6921-8371|11|1957|hQEVoNn@mail.polimi.it
Dimitrios Tsoumakos|3481-8758-3706-6751|5|1987|cRwklT@gmail.com
Claudia Bauzer Medeiros|2717-4355-5557-1496|7|1949|VLybj@outlook.it
Kurt Mehlhorn|2767-4696-9468-6376|8|1976|cYnvl@outlook.it
Zoran Majkic|9241-6001-5728-1206|12|1984|JGwXPi@gmail.com
Jean-Michel Knippel|4005-6527-5666-3180|8|1978|NBFhLtY@gmail.com
Muhammad Usman Shahid Khan|0000-0002-7299-621X|2|1943|zjksKg@duck.com
N. Hamali|5004-1070-0562-8116|6|1958|kAsAPVy@outlook.it
Hamo Hayami|4337-0106-5268-2335|8|1974|uCZcR@tiscali.it
Eric Dubois 0001|0000-0003-1253-5283|9|1973|zyacsZ@gmail.com
Nabil Mesbahi|8021-3279-9360-6844|7|1949|MlWNy@duck.com
Daniel de Oliveira 0001|0000-0001-9346-7651|5|1985|lwxKkjK@mail.polimi.it
Tassadit Bouadi|0270-3085-5992-6034|9|1986|iyrva@gmail.com
Travell Perkins|1085-9003-3155-6159|7|1952|DgHssnA@tiscali.it
Odysseas Papapetrou|8364-1639-2449-3808|9|1976|huaucz@duck.com
Christian Chiarcos|0000-0002-4428-029X|3|1978|BoNyHKU@outlook.it
Asya Willerval|6342-6899-7426-3132|6|1978|YITIT@tiscali.it
Ramón Alvarez-Valdés|1666-6698-9043-0229|5|1971|nZUguw@outlook.it
Enrique Hernández-Orallo|7916-6729-6059-6141|4|1959|qeApqD@gmail.com
Shaolei Ren|0000-0001-9003-4324|11|1955|RzFFl@outlook.it
Antoni Kreczmar|3491-9776-5414-3565|5|1969|FNwOFUv@duck.com
Manel Chenait|4500-2194-2341-3363|8|1989|yBHOAgt@mail.polimi.it
Gregory Biegel|3968-1508-4760-6582|4|1971|KlMqL@outlook.it
Giovanni Livraga|0000-0003-2661-8573|2|1942|LiCjEl@tiscali.it
Friederike Nickl|1998-8504-8056-2550|9|1946|IVEqBmR@tiscali.it
Kian-Lee Tan|8212-1600-6306-6435|10|1948|RFLYT@gmail.com
Pietro Manzoni|7898-2481-5257-5007|3|1982|FsCmZ@tiscali.it
Sara García-Herranz|0000-0002-4593-0776|1|1977|NWOtz@outlook.it
Volker Wehmeier|6423-9357-0536-9396|5|1989|widBzJJ@mail.polimi.it
B. Muthuswamy|1069-5184-7536-8690|8|1966|xclLAoQ@gmail.com
Wookey Lee|8381-3889-9974-0593|10|1983|WcEPKg@mail.polimi.it
Asad Waqar Malik|1622-6483-3408-9252|8|1940|TmPEUpf@mail.polimi.it
Olivier Vogel|0233-5253-2006-6271|11|1944|hOYAVk@mail.polimi.it
Reto Krummenacher|3809-0169-5749-0985|6|1986|akLNg@outlook.it
Christopher Richardson|0748-4110-4845-1142|5|1958|rXWUhg@tiscali.it
Xin Qin|0200-1217-7806-6221|4|1956|hQeOtS@tiscali.it
Frank Dürr|8606-9931-6241-7299|7|1961|FDhVlbc@gmail.com
Eyke Hüllermeier|0419-7840-4433-0352|7|1973|kHOGdF@gmail.com
Shashi Shekhar|4059-1667-6981-5618|11|1959|kIvcxG@tiscali.it
Guy Denhière|3460-4376-8285-5594|9|1961|rUJhrpU@tiscali.it
Chuck Winters|9174-3257-3524-7770|8|1982|pUNNpTr@mail.polimi.it
Joseph P. Loyall|4853-2410-5734-6869|7|1949|tSsZaU@tiscali.it
Stefan Tai|8909-2079-0759-1156|2|1944|RFxMn@gmail.com
Helmut Nechansky|0153-3862-8417-1885|10|1979|GekpCYz@tiscali.it
Maurizio Lenzerini|8365-7265-6189-8308|1|1966|IFMRBHR@tiscali.it
John Gialelis|9712-2171-1912-2924|2|1977|bqZyC@tiscali.it
El-Ghazali Talbi|5773-4843-8382-2580|8|1955|rJbOW@mail.polimi.it
Stefano Paolozzi|0167-3053-7753-5573|11|1945|EmAOX@tiscali.it
Luciano Baresi|1420-8044-4758-5103|9|1989|LWouIp@gmail.com
Anne Mulkers|8904-4097-9986-9797|6|1976|DrbqP@tiscali.it
Eduardo Massad|0895-2699-3044-8073|7|1978|TQvwLz@duck.com
G. R. Kanagachidambaresan|6710-8662-0251-7292|6|1973|inaBSiq@tiscali.it
Cong Fang|4676-7846-7352-0938|10|1957|WCKxahj@outlook.it
Denny Vrandecic|8300-9642-2400-8011|4|1980|YbBGNfE@gmail.com
Michal Kochlán|6443-0261-6272-6886|1|1985|mbiew@tiscali.it
Dirk Vermeir|5629-1528-0562-7954|3|1983|MzdsusJ@tiscali.it
Roosevelt Silva|4618-3106-1342-8998|9|1967|UeoFc@duck.com
C. Icdem|5306-8301-6666-5877|1|1968|DWDBj@outlook.it
Daniel Neagu|0000-0002-7038-106X|5|1983|zUUmEu@outlook.it
Eric C. Jensen|7172-3670-3365-5348|1|1953|yzwyn@duck.com
Giulio Rossetti|0000-0003-3373-1240|12|1974|xokgnkn@outlook.it
José A. Ondiviela|0000-0001-6732-8754|11|1942|IfmKG@gmail.com
Alberto Zanella|0000-0002-5385-0813|3|1978|tutfRaj@gmail.com
Olivier Flauzac|6299-2694-7765-9747|6|1958|pLayj@mail.polimi.it
François Poulet|6496-7059-8998-2426|7|1982|auQMouQ@mail.polimi.it
Zheng Qin 0003|0901-8087-5564-6505|10|1962|pmnrIO@tiscali.it
Jolanta Dajda|5233-5091-9708-6526|1|1943|DWQbLyr@tiscali.it
Genady Shevchenko|4402-9996-0272-7375|10|1953|zGniB@outlook.it
Václav Jirkovský|9891-5147-4160-5454|11|1961|VFCqMtC@outlook.it
Tatiana E. Romanova|4708-2141-7238-6397|6|1963|yzOOnfl@outlook.it
Hong Va Leong|0000-0001-7682-9032|2|1956|pHEkTY@tiscali.it
Mimoun Malki|0000-0003-4466-2316|1|1986|ciFTvIo@outlook.it
Claudio Sterle|5467-8238-5232-4444|1|1968|fzKGji@tiscali.it
Simant Dube|6148-9516-3235-6516|6|1983|mEkJFt@outlook.it
Bartek Kiepuszewski|7959-1435-5495-6903|11|1964|btLENZt@tiscali.it
Xiaoyuan Xie|6348-5351-0608-4057|12|1972|zYSTTF@duck.com
Elie F. Kfoury|5916-1700-4622-0634|3|1972|kFaWQx@duck.com
Etienne E. Kerre|9260-2874-2092-7730|10|1958|IFyPJo@tiscali.it
Frédéric DuBru|8740-7066-7926-1724|3|1981|mqWwK@outlook.it
Rongquen Chen|1821-3830-2048-5304|1|1947|AnvgXP@tiscali.it
Marcos K. Aguilera|5584-1181-2896-6872|12|1947|UjLlKf@tiscali.it
Mourad Chabane Oussalah|1717-6236-5962-4394|3|1967|lvDRkH@tiscali.it
Jun Wang 0002|0000-0002-1305-5735|4|1951|hMCfs@duck.com
Vikas Kumar 0005|9275-9751-8182-2536|9|1942|XSByB@duck.com
Carolyn B. Seaman|1971-5568-8607-4445|3|1986|Tjruh@tiscali.it
Parvathi Chundi|0389-4711-2295-1194|11|1957|KGrPr@tiscali.it
Yuri Malitsky|7357-1786-6980-0795|4|1968|eudAIAE@gmail.com
Heinrich Wansing|0000-0002-0749-8847|9|1942|wRcbQhg@gmail.com
Rose Lockwood|1833-4918-5024-9587|5|1973|fLxEAL@outlook.it
Domenico Saccà|0635-4445-5654-4966|11|1975|BEDEd@outlook.it
Gilad Zlotkin|7197-2954-7778-4068|1|1946|IPmWqvm@tiscali.it
Carlotta Domeniconi|3745-1581-8995-5905|10|1979|nFeuQP@mail.polimi.it
Rudi Studer|2225-5965-0563-9336|6|1959|ioptI@duck.com
Antanas Verikas|0000-0003-2185-8973|10|1965|MknVQ@outlook.it
Irina Perfilieva|4362-4652-1545-1194|9|1979|MKWpl@duck.com
Beata Beigman Klebanov|3980-9466-7643-3737|11|1977|lsAWfc@mail.polimi.it
Parisa Allahverdizadeh|4523-8378-6579-0712|7|1978|muxMLb@mail.polimi.it
Ralf Jungclaus|6799-7286-9838-0847|11|1942|RcWKQ@tiscali.it
Victor C. M. Leung|3494-6233-7742-7222|6|1942|eixIGLI@mail.polimi.it
Jing Xiao 0001|1414-5303-4227-4420|3|1977|hFuDdW@gmail.com
J. Alfonso Briones-García|6779-7269-4770-1764|2|1940|obWpcuO@tiscali.it
Bernhard Thalheim|1837-0249-6579-8350|9|1981|oMmCewH@outlook.it
Seo-Young Noh|0957-5297-8272-8343|12|1972|cqYIthm@tiscali.it
Ciro Castiello|9561-4852-3493-4512|4|1960|oqQva@gmail.com
Anders Kolstad|3885-6781-6055-6481|3|1988|atbayq@outlook.it
Donggang Liu|1805-7219-8641-6951|6|1974|sQelZv@duck.com
Joseph A. Goguen|4907-7424-4767-6271|8|1981|wdoTA@gmail.com
Brian A. Nixon|7580-0832-5035-1951|1|1940|WXnyj@outlook.it
Mark Greaves|0526-7070-9857-3436|10|1986|QaGRAtj@tiscali.it
Mario Barbacci|3973-4082-7900-6046|6|1963|bUqvbX@duck.com
Dipankar Deb|7778-0338-9981-2635|6|1961|xsiIWx@gmail.com
Martin Gaedke|0000-0002-6729-2912|1|1955|aYOiIa@duck.com
Philippe Cudré-Mauroux|3048-8108-3505-9171|6|1955|Praez@tiscali.it
Maroun Chamoun|2110-7903-8545-1611|9|1952|yHhlaw@gmail.com
Michael Behringer|7717-4203-8781-1510|12|1957|ErvXf@mail.polimi.it
Jacques Savoy|0268-0442-5047-8387|11|1955|XXhYq@mail.polimi.it
D. Sundararajan|9903-3389-2796-2253|6|1987|fNoQFid@outlook.it
Mohsen Sharifi|0000-0003-4992-2500|6|1973|lXUUvZJ@mail.polimi.it
Sergio Serusi|3070-6953-3452-4112|9|1948|vvsLQlW@tiscali.it
Jun Fu 0001|2880-0271-3020-1662|4|1965|TeEPKIw@gmail.com
Rajiv Ranjan|0000-0002-6610-1328|7|1987|vkfYGTD@mail.polimi.it
Susanna Spinsante|0000-0002-7323-4030|12|1943|GkGUCIg@tiscali.it
Kun Xie 0002|0000-0002-8191-2786|8|1946|jhYpHuH@outlook.it
Jeffrey P. Bigham|7645-8795-1192-2616|7|1946|kiDFe@mail.polimi.it
Boris Ryabko|5895-7716-1483-7742|5|1970|KJLMON@gmail.com
Liyang Xiao|0000-0003-0160-5450|6|1965|bsEMpI@mail.polimi.it
Raphaël Troncy|5695-4274-5957-5606|1|1949|VYaQwwY@tiscali.it
Werner Nutt|0000-0002-9347-1885|11|1977|AuuhUL@outlook.it
María Luisa Martín Ruiz|0493-6341-8524-8347|11|1942|PSeoQLC@mail.polimi.it
Jaime Lloret 0001|9079-0491-3791-0683|9|1954|NIOHhUM@outlook.it
Disha Sangar|9948-7602-2623-8986|5|1976|DRZNrdv@gmail.com
Ke Xu 0002|9246-3267-8393-7058|7|1975|kDjcEuC@mail.polimi.it
Frank Y. Shih|5912-2499-2751-6552|2|1975|RGsKMw@tiscali.it
John Barnes|0971-7192-3348-5154|1|1978|QQRNQM@mail.polimi.it
Kemafor Anyanwu|0000-0002-9528-061X|7|1948|DEbLE@duck.com
Reidar Conradi|6037-5310-1302-4469|10|1966|YknZr@outlook.it
Nacer Boudjlida|5777-2486-9529-4896|6|1964|VVWlAm@tiscali.it
Simo Pöysä|1353-5188-8163-7242|4|1981|rHwHh@mail.polimi.it
Shai Guday|6865-3492-7159-5507|9|1959|JpEIP@outlook.it
David Bermbach|0618-0766-3158-3924|1|1943|JnWaho@gmail.com
Awais Rashid|7822-8177-6730-8133|2|1969|YTTQY@duck.com
Derrick L. Cogburn|0637-7513-7140-7783|10|1955|bNxsDUX@mail.polimi.it
S. Jacobi|3435-5190-3845-0864|5|1952|mZGCZHr@duck.com
Philippe Besnard|8147-1529-7257-9147|9|1958|nHZfmWa@duck.com
Thierry Villemur|7295-2147-7717-5156|7|1971|VyQhkSs@outlook.it
Corey Bufi|5414-9962-6004-3356|11|1963|gfdYAC@duck.com
Basel Solaiman|1894-9398-0022-4891|3|1961|ZCmGOZ@outlook.it
Adil Fahad|9359-6382-5312-5916|1|1958|vVzMRW@outlook.it
Jean-Louis Lanet|7945-4869-2276-0857|2|1973|EjBrG@gmail.com
Matteo Matteucci|4227-1581-0211-6172|11|1943|BLXVeC@outlook.it
Zakaria Aarab|4305-4898-3357-5457|5|1944|EBnmc@mail.polimi.it
Zahi Jarir|0000-0002-6425-1031|11|1956|TpNnZ@duck.com
Luca Casini|0000-0002-3468-6974|8|1983|QMvQL@duck.com
William McCune|5715-6095-5213-0415|9|1967|heydw@duck.com
Eric Yu 0001|4606-0614-4308-8203|12|1979|mSwitwP@mail.polimi.it
Jacques Chabin|3363-7182-2415-0872|10|1950|WGqOO@mail.polimi.it
Eric R. Schendel|0000-0002-0144-7256|2|1963|OVKZs@gmail.com
Eric G. Manning|6351-0352-2959-1829|3|1972|MpbkPuA@tiscali.it
Henrik Loeser|5326-7802-4724-3011|4|1950|qcrdmkE@outlook.it
Maxence Guesdon|2319-1838-4662-1184|8|1944|QTfHmT@duck.com
Jian Yang 0001|5124-0177-5062-6703|5|1987|EEyYTYW@duck.com
Emanuele De Bernardi|0000-0001-6988-1721|4|1978|CWLDXf@duck.com
Slim Abdellatif|3330-6210-0107-2124|12|1947|xsJwIpK@tiscali.it
Lei Zhang 0038|3324-6660-4729-9978|11|1959|PXiwyR@tiscali.it
Maomeng Su|0839-5901-6736-9753|5|1955|lGtXOu@mail.polimi.it
Hang Zhao|1425-4520-0138-9663|2|1950|ZQtOos@outlook.it
Debora Di Bartolo|8958-4142-3625-8650|6|1969|ffGTowY@mail.polimi.it
Andrzej Jodlowski|2152-8168-4406-0200|8|1951|YNxmy@mail.polimi.it
Robert Valette|6090-5538-1091-2452|7|1953|VjsGYM@tiscali.it
N. Parameswaran|5836-1694-8232-9265|4|1955|MiOsixk@mail.polimi.it
Willy Susilo|0000-0002-1562-5105|3|1953|iGUJT@tiscali.it
Oliver Günther 0001|4851-0704-6038-1482|6|1976|sDlsF@outlook.it
Md. Imran Alam|7451-3757-9240-4181|6|1973|miDKKmV@mail.polimi.it
Ipek Gursel Dino|7784-0592-6377-8738|11|1949|zZZTG@mail.polimi.it
Antonieta Martínez-Velasco|0000-0001-6535-1440|9|1958|aOfaT@tiscali.it
Scott D. Rudlosky|8141-6680-3951-1158|8|1989|EotIdmH@outlook.it
Da Ruan 0001|1861-0162-4350-7946|3|1980|krffJ@duck.com
Zhong Li|4970-1819-3746-6387|4|1988|cARWG@outlook.it
Ryan Cook|2315-0053-9575-5375|2|1961|vSOtM@duck.com
A. Christy|2471-3324-3942-7689|6|1975|ijmfrv@gmail.com
Sharad Mehrotra|0282-0805-4873-1307|10|1988|yhdpUV@outlook.it
Chi C. Ying|4569-8642-5879-9503|4|1964|yxROH@tiscali.it
Hans-Jürgen Bürckert|8515-2926-4773-7315|10|1951|EFvtd@outlook.it
Leonardo Andrade Ribeiro|4278-0766-9662-6206|4|1988|BOtADAU@mail.polimi.it
Xingquan Zhu 0001|4674-0116-1032-4196|8|1940|viGosO@gmail.com
Shogo Nishida|6110-7151-4726-0842|6|1946|rBRho@gmail.com
Michael A. Arbib|0286-1248-4622-8778|6|1950|kvBqn@mail.polimi.it
David Buffoni|3192-5576-5307-4916|3|1970|CqKvCsY@gmail.com
Matthew Sessoms|8140-8717-6699-4521|4|1957|YCpKsh@mail.polimi.it
Karim Benouaret|0000-0003-2634-0962|4|1958|UeMlm@outlook.it
Jean-Yves Thiriet|3681-1566-1248-7077|5|1970|YSFCn@tiscali.it
Adel Smeda|7317-1734-9849-8218|4|1942|dRIdDFr@tiscali.it
Jiawei Jiang|7568-7076-1396-0185|12|1982|bEQGR@tiscali.it
Charles Duchâteau|9850-7729-9030-7972|5|1969|naEhxm@mail.polimi.it
Marco Scotto|3824-1702-4740-5645|9|1940|xMmSOdp@tiscali.it
Frédéric Bergéron|6243-5894-5064-7716|9|1956|OQZNTY@gmail.com
Peter M. G. Apers|3148-2145-7136-2904|10|1958|rtWhvez@mail.polimi.it
Ba-Ngu Vo|8659-3427-9688-3426|4|1988|qqQLcK@gmail.com
Ulrich Güntzer|0272-3054-5956-9377|1|1977|oglua@gmail.com
Anne-Lise Courbis|5414-6259-7444-6629|7|1969|DqcTi@gmail.com
Kenneth A. Ross|8600-4095-7899-5155|4|1960|BHVuDCN@gmail.com
Yusuke Kozawa|0000-0002-9673-9058|2|1978|pWHFmQo@tiscali.it
Federico Vitale|0468-5257-8500-0137|1|1977|SqlyxBg@tiscali.it
William Sims Bainbridge|4669-8397-3248-8648|3|1978|HlxPAD@mail.polimi.it
Étienne André|6048-9394-6969-5519|3|1975|IrLccH@outlook.it
Luis Salgado|3136-4890-0310-8757|11|1955|KwwUL@mail.polimi.it
Thomas Fahringer|4325-7667-0682-9037|12|1956|IsNNjrV@gmail.com
Ching-Lai Hwang|9081-2194-7285-8224|5|1965|TehMZeg@outlook.it
Nicolas Stouls|0348-7207-3114-7437|1|1978|TMTcL@tiscali.it
Ajantha Dahanayake|5504-4547-6471-9693|11|1962|NhzOPGR@duck.com
Michèle Cart|2463-0000-2650-2662|10|1988|mlcly@mail.polimi.it
Nele Verbiest|1547-1921-2225-1274|8|1953|nNgse@mail.polimi.it
Torben Bach Pedersen|0000-0002-1615-777X|8|1941|fpXwqZI@duck.com
Nadia Nouali-Taboudjemat|0619-6152-1106-1541|8|1945|HvjvXlC@duck.com
Mateusz Jarus|0725-6972-1022-5804|9|1954|XueEt@duck.com
Mauro Barni|0816-2955-8705-2577|2|1952|ODrfe@duck.com
Ali Imam Abidi|4616-7805-1647-7541|10|1968|MmmbA@gmail.com
Manola Ricciuti|3036-9150-2446-8358|8|1977|QKdCMj@gmail.com
Frans Coenen|3802-5930-4418-5362|6|1987|UjDRBCJ@gmail.com
Roman Z. Morawski|2898-1260-8197-9420|1|1989|ibqNUjo@gmail.com
Dieter Fensel|4412-1695-4120-9327|9|1950|RCKun@outlook.it
Chee-Yong Chan|9780-9993-7325-5030|10|1962|HReFg@gmail.com
Arvind S. Krishna|8269-0515-6086-0294|3|1946|KZwNdJ@outlook.it
Lai Xu 0001|0000-0003-0063-759X|12|1987|NnypK@gmail.com
Vincent Leclercq|2245-6789-0685-1799|10|1956|wPCbeu@duck.com
Maria Semenyak|0169-4194-8836-3734|2|1972|OjUOmij@outlook.it
Justus Klingemann|8626-9270-4409-3924|7|1940|zZHGJM@duck.com
Tiezhen Wang|6102-0270-7861-3808|9|1978|EyMUzk@tiscali.it
Philipp Liegl|3758-2428-4420-3817|1|1984|BVhnlOD@gmail.com
Kjetil Nørvåg|9929-7172-2357-4815|10|1972|ynSKueW@tiscali.it
George Karabatis|4199-5067-7512-5173|8|1962|ylBobmU@outlook.it
Peter Kuchment|3834-3872-1169-6549|12|1977|WUVqe@gmail.com
Fabio Casati|1560-5578-0737-9178|1|1972|AaHkYB@mail.polimi.it
Husna Osman|6325-8523-1645-0219|8|1960|NGlDvB@duck.com
Stéphane Lafortune|9034-6372-4066-8238|10|1978|RISra@gmail.com
Thomas Villmann|1654-5840-2154-9646|12|1956|OzSqBEK@tiscali.it
Flaminia L. Luccio|0000-0002-5409-5039|1|1987|pHGuTXS@mail.polimi.it
Pushpak Bhattacharyya|3512-1336-4144-6280|8|1967|IZvRqI@tiscali.it
Jorge Martínez Gil|1208-5594-0438-5409|3|1940|oTlkdO@gmail.com
Nicholas R. Jennings|6208-8841-9463-8366|5|1953|BNvoyTl@tiscali.it
Ross S. Purves|2861-4757-2906-8125|1|1945|PXfNMC@gmail.com
Johann M. Márquez-Barja|0000-0001-5660-3597|9|1983|cQOTH@mail.polimi.it
Young-Kwang Nam|5709-8155-0939-6252|12|1988|eyQmWv@tiscali.it
Marc Dalmau|1439-4296-4771-7185|8|1951|KDLjSd@mail.polimi.it
Verena Kantere|0000-0002-3586-9406|1|1960|rqWsmh@outlook.it
Yannis Tzitzikas|8601-4432-4429-8944|1|1956|wHqCUE@outlook.it
Derick Wood|5013-3874-3511-3931|7|1987|BLhYx@outlook.it
Nicole Schweikardt|8777-6168-0701-6767|4|1955|XkAdymK@outlook.it
Gio Wiederhold|7247-1699-7359-7438|2|1984|JDKFe@duck.com
Marco Begolo|3049-0402-3939-1429|7|1973|GIxukn@duck.com
Jochen Renz|0105-2126-2498-8157|5|1978|PjsIJ@outlook.it
Luís E. T. Rodrigues|7110-9975-5746-9476|7|1971|OqfHEP@gmail.com
Michel Toulouse|0000-0003-0789-7829|2|1956|NtUqKq@tiscali.it
Alberto José Bugarín Diz|7110-6184-1970-8578|2|1975|fGAijb@duck.com
Laura Conti|4935-7056-4668-7741|10|1970|bPWwFse@mail.polimi.it
Shin'ichi Konomi|1436-4599-6525-6055|11|1942|SgKdj@outlook.it
Nélio Cacho|1761-0199-3354-6171|3|1986|EmZnn@gmail.com
Stratos Idreos|6988-7757-0893-8730|3|1958|KMLWjHm@outlook.it
Wolfgang Klas|2607-7449-9215-0471|12|1976|SiwmXa@gmail.com
Ralph Bergmann|8230-4435-3235-2765|3|1958|CvLVBq@tiscali.it
Ralf Müller|6375-7002-2904-1406|12|1945|EPimFl@gmail.com
Emna Fki|3814-3222-5136-0195|4|1976|GUCRM@gmail.com
Mehmet Altinel|8273-3995-5699-9038|5|1965|oznLbQ@tiscali.it
Paolo Moretti|4345-6609-5525-1401|1|1978|STSxJft@gmail.com
Werner Retschitzegger|1630-1208-0526-4758|6|1981|oyjMZRI@tiscali.it
Gerard Meszaros|8729-4788-0162-0710|8|1954|SSSNmD@tiscali.it
Yannis Vassiliou|3300-2315-2874-6207|1|1949|CjpgqF@tiscali.it
Ron Sun|6383-9661-7191-4960|2|1960|NWPgMRC@duck.com
Imen Filali|6001-2394-9102-5047|3|1945|zWDgV@tiscali.it
Celeste Pizarro|5897-7526-7905-1922|2|1955|LqktttU@gmail.com
Gabriel Ciobanu|8287-1988-6917-2927|10|1967|lBOYYgt@mail.polimi.it
Orit Hazzan|1738-3697-8171-1605|8|1974|oWLsIQw@duck.com
Paul Chapron|3462-3672-3433-3781|5|1957|pHWblu@duck.com
Franck Gechter|3599-9153-4050-1915|11|1961|vHBwi@gmail.com
Thomas Pötsch|2085-4166-3805-0605|4|1940|lxWBFrY@tiscali.it
Johannes Hund|4757-6896-9513-5813|2|1947|SoasiPM@mail.polimi.it
Sven Hartmann|0649-4800-1823-5138|8|1953|XEkBpPj@gmail.com
Sjoerd M. Verduyn Lunel|8859-6728-3431-8568|11|1989|QJxaC@gmail.com
Benjamin Gâteau|7233-8539-0971-5118|10|1956|cUbPta@tiscali.it
Guthemberg Silvestre|2742-0314-9064-2775|6|1967|xvAhkW@tiscali.it
Iván Pastor Sanz|0733-8053-4129-4454|9|1962|AWXhLbE@mail.polimi.it
Julien Maire|5411-8518-5337-0400|5|1960|ewlFwpo@duck.com
Slawomir Stanczak|9085-6402-6153-9288|1|1974|LFgHo@mail.polimi.it
Laaziz Lahlou|1429-8656-0357-5502|6|1948|pejnZ@tiscali.it
Wei Liu 0007|0706-6993-7643-8748|8|1973|mYdgYd@mail.polimi.it
Zhanzi Qiu|1913-0076-8258-4613|11|1972|SUGgKA@gmail.com
Deke Guo|5900-2583-3075-1719|8|1963|mzPMSO@mail.polimi.it
Andreas Geppert|4000-9805-3729-5710|6|1977|zCqDrSp@mail.polimi.it
Luis Rivera|5296-6216-9367-2401|7|1947|kdiaG@mail.polimi.it
Viktor K. Prasanna|7174-0456-0506-7575|5|1953|XxSBlC@tiscali.it
Joao Meidanis|3651-3651-7841-9263|11|1969|BHeRR@outlook.it
Shawn Bowers|8397-6933-9476-9800|9|1985|vuhgMn@tiscali.it
Ahmed Abdelgawad|3691-6867-4131-9360|9|1983|xSVddmX@tiscali.it
Raju Halder|0000-0002-8873-8258|2|1980|GmOxizb@outlook.it
Hervé Thiriez|7232-8022-5119-1907|1|1970|gysmer@tiscali.it
Sébastien Varrette|6212-8548-0424-1699|1|1981|hDJXCnm@gmail.com
Yang-Sae Moon|0444-0847-2999-8031|11|1945|DxYHDI@gmail.com
William Kokou Dedzoe|8740-6916-6033-0401|2|1983|hMGzie@outlook.it
Thomas Zilio|1405-4052-1967-1792|7|1968|UIhmswI@outlook.it
Santiago Aja-Fernández|3841-2125-8710-9390|5|1987|jSikZxX@outlook.it
Anastasia Analyti|5387-3336-4974-9713|10|1945|usSZTG@mail.polimi.it
Elisa Quintarelli|0000-0001-6092-6831|4|1958|kxscS@tiscali.it
Arndt Kuhlman|3420-0670-8025-9041|11|1970|xsXIW@duck.com
Nils Klimanis|7326-2800-6347-5406|10|1968|FlwqPpo@tiscali.it
Wolfgang Küchlin|0328-5391-0566-0931|10|1988|amOSb@mail.polimi.it
Nezo Ibrahim Fofana|0382-5492-9645-5212|10|1988|qVbMckd@duck.com
Carlos A. Coello Coello|0000-0002-8435-680X|7|1967|pnudOYa@outlook.it
Dou Shen|6656-5163-9528-6656|12|1978|GvAKtNZ@gmail.com
Jordan Gottardo|9347-9001-5222-7291|1|1969|ZZYGI@outlook.it
Mirjana Pavlovic|1079-7691-2349-4175|1|1973|agxpfgy@gmail.com
Boualem Benatallah|3379-9057-0012-9975|6|1967|ekCol@mail.polimi.it
Fabiano Fernandes dos Santos|5485-4196-6269-4623|3|1944|Wzaxqic@gmail.com
Emanuela Barbi|5660-7623-3477-6419|11|1947|RToul@mail.polimi.it
Nathaniel Palmer|3389-3793-4189-5561|4|1951|DEDNp@mail.polimi.it
Laurent d'Orazio|1832-4847-9006-3878|4|1951|kjjjON@duck.com
Xue Iuan Wong|9084-8051-4127-5603|2|1987|rcsBE@mail.polimi.it
Delphine Reinhardt|2824-1904-6834-3773|6|1964|ySepeQ@tiscali.it
Richard Sharp|8206-3233-7397-7276|4|1963|wFzIL@duck.com
Myra Spiliopoulou|6115-9190-4213-8730|1|1953|nTxaUSY@duck.com
Nickolas Zoulis|9952-2217-3873-1917|7|1973|VEzBQA@outlook.it
Sven Tomforde|0699-1965-6597-1804|8|1951|lTlAeoV@duck.com
Jean-Pierre Müller|0106-8627-7951-3900|9|1963|FEdDLG@duck.com
Karl Wiggisser|5208-1807-7830-4290|5|1989|WEQoZtn@tiscali.it
Giuseppe Santucci|5983-5737-7749-7763|11|1972|APEGuH@gmail.com
Shruthi Kashyap|2071-2340-2095-3953|1|1942|IDydz@duck.com
Paola Salomoni|4567-2064-9402-0621|5|1984|HqObu@gmail.com
Alberto Nannarelli|0000-0002-8303-6329|12|1959|yEUad@duck.com
Cheng-Shang Chang|0190-6504-8596-0960|8|1946|SHlJoI@tiscali.it
Gláucia de Oliveira Dias|9089-8252-2480-2168|12|1961|qbtcW@tiscali.it
Nick Craswell|7389-2908-0353-7688|12|1944|zuPrnU@tiscali.it
Marion Vasseur|0187-0977-2965-0748|3|1989|jciqTTC@outlook.it
Cédric Bonhomme|1267-6128-3918-8063|11|1946|IwVwPEN@tiscali.it
Meng Shen|0000-0002-1867-0972|12|1957|RoUuuj@outlook.it
Vassilis J. Tsotras|1967-2717-6609-4223|4|1941|dspHM@outlook.it
Einar Smith|6943-5905-5705-9005|6|1952|XkIPZ@duck.com
Clara Monaco|4717-1346-7092-2958|9|1982|ARMeO@outlook.it
Heike Stach|0844-9746-1648-1618|2|1950|EDBVE@gmail.com
Shili Xiang|0361-5746-8218-8531|3|1975|qWukhw@duck.com
James M. Boyle|2180-5186-1262-6313|4|1974|rDNXo@tiscali.it
Matt Stephens|8087-6862-4315-5240|7|1972|eUYwhW@mail.polimi.it
Michael Mrissa|0000-0002-2330-1004|11|1945|aNLqQ@mail.polimi.it
James G. Nagy|6269-6088-3384-0755|7|1970|AOGPg@tiscali.it
Bodiuzzaman Jony|7292-3679-4469-1307|7|1959|FlFpW@gmail.com
Gabriella Pasi|5606-3875-2292-4226|3|1969|nBxbJGa@mail.polimi.it
Lucile Beaugil|3413-7588-2122-0454|3|1961|GxGLqb@tiscali.it
Agnieszka Dardzinska|0000-0002-2811-0274|12|1955|DOPOd@tiscali.it
Alexandros Karakasidis 0001|5206-7724-5169-9831|7|1962|amoatbF@tiscali.it
Maarten van Steen|7917-9605-6925-7525|3|1963|bvmQMyL@outlook.it
Alain Trouvé|1953-2076-9722-7967|10|1943|pqcgFI@mail.polimi.it
Shih-Hsing Wang|0745-9836-0354-9965|10|1981|MnxMec@mail.polimi.it
Brice Follet|8550-1021-8296-7016|12|1971|WojRAJ@gmail.com
Vijay Mago|0906-4088-5241-3922|4|1946|tFbLKVX@gmail.com
Kenza Kellou-Menouer|4394-6937-3243-5591|12|1973|WsBAbA@outlook.it
Ke-Jia Chen|3850-9421-9567-1710|7|1987|JOqOvuy@gmail.com
P. Pandurang Nayak|9927-6882-9617-5823|6|1989|JEEwF@mail.polimi.it
Asma Ben Letaifa|0000-0002-1527-2557|2|1968|DBtrfXr@gmail.com
Alvaro A. Cárdenas|5047-1099-4740-0825|5|1961|gFSrxfx@gmail.com
Heiko Schuldt|1216-8731-2687-2764|10|1950|HyOYu@gmail.com
Donald Baker|0220-8608-2363-1036|11|1968|ubDviDV@tiscali.it
Siu-Ming Yiu|5817-3797-6312-7967|8|1955|SZpPfV@gmail.com
Laura Montanini|1353-3346-4363-2456|1|1944|ptiVCPn@tiscali.it
Laura Bright|9304-6207-7544-6515|9|1968|GMSAq@mail.polimi.it
Michaela Schicho|1300-4705-5185-0625|11|1958|ixNMh@duck.com
Wilhelm Hasselbring|5596-6851-7013-5431|3|1987|PLptq@gmail.com
Eithan Ephrati|3781-3679-6073-8016|7|1972|NpmHAVf@outlook.it
Philipp L. Rautenberg|9190-0988-7341-3164|1|1969|QMOlc@gmail.com
Fabio Paternò|0000-0001-8355-6909|9|1945|zmEFt@mail.polimi.it
Jacques Saraydaryan|5191-4615-5526-2110|12|1983|dWbDV@outlook.it
Arihant Jain|1337-9162-8854-8866|9|1946|DUbdcG@outlook.it
Paul E. S. Dunne|3064-9330-1143-4203|8|1969|ViJbcs@tiscali.it
Ilham Benyahia|2312-3428-5498-6882|9|1982|QREDXpJ@mail.polimi.it
Takahiro Murata|2042-6469-4118-5604|6|1982|pdNNH@tiscali.it
Wei-Cheng Lai|2931-8199-4429-3074|11|1967|gLMPbt@outlook.it
Salah Merniz|5368-1162-4432-5880|1|1940|VVrZmGa@mail.polimi.it
Thaís Vasconcelos Batista|0000-0003-3558-1450|11|1953|RSNzoHT@tiscali.it
Song Y. Yan|3301-3781-7755-7259|3|1945|SMGpT@outlook.it
Isabelle M. Demeure|1573-2360-4336-4556|8|1958|LaKJNn@outlook.it
Aris Gkoulalas-Divanis|1452-0738-0789-8254|5|1954|iWetk@gmail.com
Agrima Srivastava|9007-4037-0805-3455|3|1951|uaAkvR@tiscali.it
Jacques Wainer|1253-2253-9697-4585|7|1964|LSywaiK@gmail.com
Samuel A. Fricker|4194-5136-4156-7072|1|1943|gCvbBL@mail.polimi.it
Vijay Machiraju|8359-1118-5594-3446|9|1973|FlCeNT@mail.polimi.it
Hieu Nguyen|4091-0205-0854-1334|7|1942|KQMTfL@mail.polimi.it
Sakkaravarthi Ramanathan|3705-6994-5364-4717|8|1962|ZqHjD@tiscali.it
Stefano Ghignone|0000-0002-2033-2286|7|1962|rpQYDD@mail.polimi.it
Danilo Pianini|1707-5040-2599-5849|7|1953|xUaABl@gmail.com
Cédrick Bellissens|5790-2982-3436-8940|10|1981|ZfBqt@duck.com
Simone Angelini|0053-8697-0000-7994|12|1969|VNquj@duck.com
Fu Cheng|1616-6059-3477-0201|3|1967|NEzCK@mail.polimi.it
Joemon M. Jose|0373-1604-5252-6088|5|1981|bpGaN@mail.polimi.it
Chris Conlan|4503-8279-9476-5592|6|1976|LCIFDN@outlook.it
Antonio Pizza|2814-7787-9924-6485|3|1964|YlCujMD@duck.com
Hiroshi Shimizu|4263-9948-0922-9933|8|1966|wQSEi@mail.polimi.it
Vanja Josifovski|1467-1055-7297-0506|9|1940|DvPYAVC@duck.com
Sune S. Nielsen|7128-3095-0497-5295|2|1981|AbEtFRU@outlook.it
Daniel Lowd|3593-6649-7252-3706|6|1956|XvRWHY@duck.com
Germán Montoro|9464-8431-6897-1125|10|1976|eZpUF@tiscali.it
Hans-Jürgen Appelrath|5141-7812-4222-5050|4|1964|kEmBvEg@gmail.com
Alexander V. Smirnov 0001|7576-4401-4069-1131|12|1940|AZNXRT@tiscali.it
Tomasz Ksiezyk|9462-2215-3438-2399|9|1967|bcWPgDu@outlook.it
Antonino Mazzeo|9742-2965-1579-3246|10|1989|SKuRf@outlook.it
Patrick Jeuniaux|0727-2116-0535-3878|5|1967|MGTqa@gmail.com
Bianca Wackersreuther|5322-0956-1594-8929|8|1963|FLSabu@gmail.com
Hilla Atzmon|7500-0364-9232-5466|8|1989|bEeWACw@gmail.com
Menachem Shtalhaim|0560-7554-4399-6263|7|1946|KHvuUF@outlook.it
Peter Knees|7120-6709-3557-4333|6|1984|qpaQWg@outlook.it
Renata Vieira|3576-1241-7895-3992|11|1953|YFYVG@duck.com
Fabienne Boyer|5466-6727-3418-2131|10|1972|IjPoZ@duck.com
James Michaelis|1591-8390-3753-2760|3|1968|BHqSK@tiscali.it
Stasinos Konstantopoulos|0000-0002-2586-1726|4|1982|SrptXzq@mail.polimi.it
Ahmed K. F. Khattab|8748-7269-2329-0664|4|1984|beEwNs@tiscali.it
Michael R. Genesereth|0550-0590-5196-4238|12|1950|UKwHbS@duck.com
Martin Ester|9986-9383-7708-1695|7|1981|wvgUKo@gmail.com
Leticia Hernando|6414-0660-7329-9766|12|1945|zHVFPKn@gmail.com
Klaus-Dieter Gronwald|6800-2253-6367-4134|11|1948|PhCPiAf@gmail.com
Frank Ohlhaver|2200-7169-6352-2558|7|1976|OtGwer@outlook.it
Alexandros Labrinidis|1676-8002-9548-3249|1|1966|vBZbCxc@mail.polimi.it
Marwa Gamal|2737-0478-0139-6463|9|1971|YOhzrJn@duck.com
David Evans 0001|6421-0376-8221-9619|1|1988|lRyTvzy@gmail.com
Andrea De Salve|0000-0003-1691-7182|10|1989|DtAtjR@outlook.it
Farnoush Banaei Kashani|7633-9699-1423-8935|6|1981|NTLLB@outlook.it
Marisol García-Valls|0000-0003-2383-5310|10|1962|odiCIDb@tiscali.it
Safa Hamdoun|7036-1732-3447-4747|1|1988|tWfxfxv@outlook.it
Erich-Peter Klement|9958-1595-2942-6738|11|1957|wDxNxs@tiscali.it
Marlena Kruger|1790-8145-1618-9695|4|1968|FDsoTS@outlook.it
Khady Ba|3361-2743-6903-9900|4|1977|AoQqhL@duck.com
Hervé Costantini|1942-2351-9449-4157|1|1979|xLqVS@gmail.com
Alessia Visconti|0000-0003-4144-2019|2|1980|gnHTC@gmail.com
Bernhard Jaecksch|5698-0364-4728-5219|11|1982|midfJv@gmail.com
Bernhard R. Kämmerer|7306-0139-5530-4937|10|1943|pLseoB@gmail.com
Walid G. Aref|2164-9342-0526-7013|11|1957|mhnRW@gmail.com
Horst Eggert|6437-3721-2872-9589|4|1944|qwgZz@tiscali.it
Abdessamad Imine|3238-9534-4591-5650|5|1986|idbZQP@tiscali.it
Ahmed Serhrouchni|0935-6947-1019-1055|12|1975|ucIbru@tiscali.it
Caroline Lasser|5325-7686-6143-7178|10|1966|qlzfDsR@mail.polimi.it
María Teresa Arredondo|0000-0003-3113-3976|7|1942|AMYhpQ@outlook.it
Michael Dietz|5993-8608-3964-4694|8|1987|brxhj@duck.com
Sertac Karaman|3532-3337-7672-8674|9|1967|TPXtNJ@tiscali.it
Antonina Dattolo|0000-0002-8511-524X|1|1985|wotFj@duck.com
Wenfei Fan|0000-0001-5149-2656|12|1950|boceM@duck.com
Yoshiaki Tsukamoto|0988-9397-8531-8333|5|1979|zbuwiIn@outlook.it
Giovanni Ciatto|0000-0002-1841-8996|10|1984|zWlhk@mail.polimi.it
Yousef J. Al-Houmaily|7028-0460-0259-6074|2|1951|xaLllCW@tiscali.it
Frank Schönthaler|6298-4974-4824-6170|11|1985|wifYe@mail.polimi.it
Theo P. van der Weide|0087-3046-4262-8676|9|1950|LFwxos@mail.polimi.it
Sven Bittner|8471-1154-9531-1660|8|1975|vxcMp@gmail.com
Yingxia Shao|0000-0002-8559-2628|4|1977|skspp@outlook.it
Etienne Gagnon|6066-0458-6627-1337|2|1965|gpJFX@tiscali.it
Peter Matthew|0000-0002-8363-0715|5|1946|qXSqoMS@duck.com
Manolis Vavalis|2562-0788-5032-0189|6|1952|JnjUG@tiscali.it
Stefan Mangold|7474-4112-8083-4283|5|1951|Imtwih@duck.com
Nasir Ghani|9560-3359-2431-7265|10|1976|cTsLYvf@mail.polimi.it
Paul Klint|2462-0020-5203-3994|1|1980|gLHbGXx@duck.com
Manish Soni|6167-3362-7439-5247|7|1983|wreah@tiscali.it
Alex Aved|0000-0002-7015-7359|7|1954|Encnmpl@duck.com
Gergely Ács|5277-0303-5652-4010|11|1979|peMrmV@duck.com
Marcin Relich|0000-0003-1193-432X|8|1983|wNIqg@gmail.com
Alexandre Cervieri|0923-7291-2134-0358|9|1959|RdLximw@mail.polimi.it
Nathalie Cislo|1682-6607-7753-9289|12|1971|WTboR@tiscali.it
Emmanuel Adam|0000-0003-4052-4135|6|1972|ZjNTyoV@tiscali.it
Saïd Tazi 0001|5694-6865-7107-2699|7|1959|hUVdhSv@tiscali.it
Dave R. Lawrence|2720-4672-1775-2780|5|1988|vuMNJc@duck.com
Michal Baczynski 0001|6361-3536-8135-9565|2|1982|BnQdu@duck.com
S. Au|7683-5720-3460-0286|10|1980|yhIJsV@outlook.it
Benedetta Tondi|2472-2471-3287-5185|10|1952|QJjKo@duck.com
Sanjay Kumar Jena|9096-7271-7974-8651|8|1945|ItiTTKI@tiscali.it
Valentina Orrù|8404-4430-8246-8617|8|1969|MhSbku@mail.polimi.it
Anne H. H. Ngu|8400-4343-7534-7926|5|1968|YkyDVWN@outlook.it
KwangSoo Yang|0000-0003-4293-9908|5|1980|uZQgRzn@gmail.com
Sophie Chabridon|8359-9888-2784-3198|11|1961|sdpst@duck.com
Manish Bhide|5510-8343-4980-5957|3|1989|TQYNid@gmail.com
Jano I. van Hemert|0000-0003-0834-7079|12|1986|JDEMwvU@tiscali.it
Lasanthi Heendaliya|6870-9892-7744-9126|1|1979|ZWVAJ@duck.com
Damien Magoni|6221-1892-9560-0443|6|1975|dgheizL@mail.polimi.it
Fred Kuhns|0687-7730-1768-3102|9|1976|waxyYJ@mail.polimi.it
Walter Daelemans|4531-4607-5329-5577|8|1981|wJsWl@mail.polimi.it
Jitesh J. Thakkar|6225-0190-4175-5267|4|1967|ROydLOc@duck.com
Sheila A. McIlraith|0693-4275-6826-2971|8|1946|MtejYj@duck.com
Harrison Stratton|0945-3552-5297-5563|10|1945|YeRmjIW@duck.com
Rim Ben Messaoud|3392-8003-5669-4235|2|1947|lAslTF@gmail.com
Xianghao Yu|0000-0002-8874-8712|11|1978|vkhKXwo@gmail.com
Brijesh Kumar Chaurasia|3553-7019-0931-0894|8|1962|zuMqEI@tiscali.it
Zeynep Ozturk Yurt|4728-7173-7733-6594|8|1950|RYWTKuM@mail.polimi.it
Nancy H. F. French|7273-5442-4790-3414|2|1959|wreccb@tiscali.it
Carsten Binnig|4569-4334-3254-6022|10|1959|wwgqf@gmail.com
Jana Koehler|2130-5909-5474-0591|2|1959|lNsduo@mail.polimi.it
Wenchang Liu|0738-6758-1759-4226|4|1964|TBjqvn@mail.polimi.it
Naftaly H. Minsky|1197-7571-1890-4100|7|1972|wLGdNF@tiscali.it
Alexander E. Gegov|8866-0235-7434-9872|12|1959|CAazQ@mail.polimi.it
Peter J. Barclay|4791-5516-3789-2195|1|1983|ckCDRG@tiscali.it
K. P. Krishna Kumar|1912-3634-1660-0690|5|1977|GkbZum@tiscali.it
Xiaolei Zhang|6035-3480-8589-3689|12|1949|LjmodJ@tiscali.it
Frans Van Assche|1464-1270-0017-0465|11|1970|bmTYMX@mail.polimi.it
Giuseppe Longo|9548-4733-8010-9058|8|1989|SUEqQn@tiscali.it
Christoph Tempich|9666-2407-5982-0787|11|1969|Wqbcocs@duck.com
Massimiliano Garda|3711-9727-2263-8288|3|1980|Gvozf@duck.com
Teresa Maria Sgaramella|3454-0170-7805-6091|12|1961|CpYDsHA@mail.polimi.it
Daniel Hagimont|0278-2920-3097-9615|9|1946|YhyGxDO@duck.com
Yu Zhu|5419-1260-7722-8024|8|1980|ppHjWq@gmail.com
Denis Conan|5776-5799-0523-6836|4|1987|dNVOUj@outlook.it
Theodoros Tzouramanis|7967-6399-1780-5225|11|1983|dJovNqA@outlook.it
Abdi Ali|1054-9648-6661-7489|10|1977|yRnCNmG@gmail.com
Yun Sing Koh|0000-0001-7256-4049|5|1972|JIXgX@outlook.it
Riadh Ben Messaoud|7336-8987-2836-8597|1|1969|ipcHu@tiscali.it
Andreas Miethsam|4448-5591-1612-7144|5|1981|OwyqS@gmail.com
Pierre de Saqui-Sannes|0000-0002-1404-0148|5|1980|umNvW@mail.polimi.it
Filippo Carnovalini|0000-0002-2996-9486|11|1983|CcwJi@tiscali.it
Bastien Confais|0070-9232-5224-4400|10|1965|lXoDt@tiscali.it
Joan Torrens|0000-0002-5066-2913|12|1943|JvDywvg@mail.polimi.it
Thomas Bräunl|9922-4678-2465-5304|10|1962|xXPiqDr@duck.com
James G. Williams 0002|9714-2538-9662-0201|3|1988|JrsMZI@gmail.com
Zsófia Lendek|0000-0003-4539-7876|2|1984|PLmOK@tiscali.it
Jianhua Shao 0001|2619-0346-8238-7167|7|1957|aAHMsO@mail.polimi.it
Victor E. Lee|3436-8310-7157-0929|10|1941|lSnaft@gmail.com
Hatem Khalloof|6091-4971-5570-4262|8|1970|BGupif@tiscali.it
Alexandra Poulovassilis|8092-0862-6605-0683|3|1951|dDBjoI@tiscali.it
Indrakshi Ray|2384-0770-2423-0684|5|1961|BbjvaT@outlook.it
Desheng Wu|6954-2375-7787-9597|8|1965|EPLoXM@mail.polimi.it
Elena Paslaru Bontas|0622-6181-0336-3557|11|1961|oJTXQ@gmail.com
Mohammed Haddad 0001|9562-3222-0125-0473|12|1981|OIXBwJ@gmail.com
Shojiro Nishio|5808-9745-6863-8105|4|1962|ZGlnWL@duck.com
Alberto L. Sangiovanni-Vincentelli|1324-4513-6992-7063|2|1971|DbYXUix@tiscali.it
Yuyang Dong|1596-2829-9786-1822|3|1984|zvtZn@outlook.it
Fernando G. Lobo|0000-0002-6526-9604|8|1948|IuIOz@tiscali.it
Robert Meersman|5106-0509-9386-7104|6|1943|McYJMCt@duck.com
Patricia Melin|7519-5873-3595-3872|10|1949|wReNS@gmail.com
Dieter Hogrefe|4164-4141-3310-9879|6|1954|EiCEbmx@tiscali.it
Anna Ouzgouler|2323-6042-5905-7254|11|1968|utOnUWT@duck.com
Santosh S. Vempala|5756-4581-3681-5785|3|1962|pJBls@mail.polimi.it
Markus Holzleitner|7674-9062-1152-5329|3|1976|SHCybMx@outlook.it
Christian Schulte 0001|9282-0995-8426-6094|6|1959|mQaNEUv@duck.com
Matej Kloska|4064-2912-8612-9659|3|1986|eoNBu@duck.com
Subhamoy Maitra|6978-2892-9908-4226|8|1957|VJkDOnS@outlook.it
Wojciech Galuba|4542-6815-9339-9112|6|1959|pdMHmw@duck.com
Olfa Bouchaala|6249-6401-7469-6084|12|1950|UgptX@mail.polimi.it
Jimeng Sun|0143-9421-7929-6655|10|1969|wxWlJFP@tiscali.it
Eduard C. Dragut|5522-1851-0485-1382|4|1979|CFPAL@gmail.com
Nicolò Marchetti|6563-5262-6240-0502|3|1952|wiQfcu@outlook.it
Demetrios Zeinalipour-Yazti|7043-0009-2530-0026|3|1970|hwBQZ@mail.polimi.it
Serge Chaumette|6714-9396-3198-9688|12|1975|afmSsZe@duck.com
Stefan Rass|0000-0003-2821-2489|10|1973|IJgfK@duck.com
Roger Zimmermann|2845-3376-1627-4904|12|1984|YmNkOFV@gmail.com
Marwen Abdennebi|6642-6425-1878-2691|1|1981|wvERx@outlook.it
Gia Toan Nguyen|1308-9997-1621-1851|3|1982|XxgmOQ@mail.polimi.it
Prabal Paul|0100-7489-5201-3290|3|1943|nWXRJHh@duck.com
Panos Constantopoulos|0000-0001-6149-441X|10|1971|OMIDzM@tiscali.it
Jörg P. Müller|9515-8096-4817-2873|4|1956|YDlfpv@outlook.it
Abdullah Alsheddy|8576-1474-1074-1496|8|1978|SaRrS@mail.polimi.it
Michiel de Jong|5577-5288-1735-7500|3|1956|YxQKU@tiscali.it
Johann Eder|0000-0001-6050-468X|4|1976|dqtNVr@gmail.com
Shuai Li 0002|4544-9599-4973-9601|11|1971|FEYrX@mail.polimi.it
Jingyu Han|2410-5205-2579-8242|12|1951|wTQuE@mail.polimi.it
Anne Auger|1834-6034-7549-1383|8|1940|czHVG@duck.com
Jun Li 0008|5903-4723-4951-7197|6|1965|VsKaT@outlook.it
Mónica Jiménez|4046-2578-7521-8482|2|1971|QznUy@tiscali.it
Billel Gueni|5110-1446-3348-3321|8|1961|hCzcHbu@gmail.com
Erich Schubert|0000-0001-9143-4880|6|1988|DsqYm@tiscali.it
Sadia Alkama|0307-9162-7842-9458|1|1976|ycRqlW@mail.polimi.it
Mourad Amad|0000-0001-5242-9755|8|1968|YpkJmE@tiscali.it
Pasquale Lops|4907-3148-8509-6561|1|1974|FKuOVPf@gmail.com
Patrick Thiran|7243-9039-5947-3845|6|1965|gevRA@gmail.com
Suan Khai Chong|6136-0033-4432-2450|9|1960|TtAMU@mail.polimi.it
Zohra Bellahsene|3880-8322-0406-6347|12|1956|PMzeRQo@mail.polimi.it
Jean Frédéric Myoupo|9954-4806-3123-5638|7|1968|ZaAJSw@outlook.it
Viviane Jonckers|8487-8571-7612-8299|2|1973|Kvlrnw@mail.polimi.it
Tobias Wagner 0001|0070-3960-3260-4424|12|1977|YhYPBTO@mail.polimi.it
Mihkel Lauk|8055-1302-1496-3195|12|1971|kKLQjX@outlook.it
Nectarios Koziris|9947-5092-3585-8762|9|1989|rzivVcu@gmail.com
Sourav De|2822-7420-3986-8999|8|1945|HvEdMf@duck.com
Bo Wang 0040|6296-2003-9836-6340|6|1976|aGEzMEk@duck.com
Alan J. Dix|9040-5791-0153-6274|3|1987|VkTscu@duck.com
Theo Härder|0753-8031-1468-4214|6|1964|AhebNQ@tiscali.it
Fabio Crestani|8097-7604-4382-7193|1|1950|FjSwoAS@tiscali.it
Mario Bertero|7053-3151-1031-5119|9|1974|BeDSbo@outlook.it
Gregor Joeris|0532-8883-4497-6083|12|1962|gycCT@tiscali.it
J. Frédéric Bonnans|6898-0846-4470-7503|8|1962|eFyrxVV@tiscali.it
Maryline Laurent-Maknavicius|0000-0002-7256-3721|8|1959|SYhcung@gmail.com
Lucia Knapciková|4235-7383-0181-8419|3|1987|jsBNpA@gmail.com
Dan Russler|0166-1628-8143-2369|6|1946|JVQsXfD@mail.polimi.it
Sarmistha Neogy|3076-5118-1769-4441|11|1941|wAxzcvX@tiscali.it
Yong Yu 0001|1327-9025-0009-5783|12|1967|aQwKvVv@duck.com
Nicolas Anciaux|2447-6920-0049-7735|8|1978|mrnZPQ@tiscali.it
Marco Kuhrmann|0000-0001-6101-8931|10|1970|PkYmoy@gmail.com
James Magowan|5773-0533-6801-9905|7|1948|zuWda@duck.com
Ider Tseveendorj|6290-0433-6492-8438|6|1968|eCtEy@gmail.com
Antonin Chambolle|0000-0002-9465-4659|4|1958|iaFZZWG@gmail.com
Peng Wang 0089|8635-5333-8911-3858|1|1983|DLMfGjw@outlook.it
Maria Francesca Costabile|2016-5736-4281-6085|6|1968|CtjRN@gmail.com
Matthias Weber 0001|5664-2091-8073-5131|8|1971|fUxzEVh@outlook.it
Ruicheng Ma|6333-8827-4589-8557|8|1973|KHAZM@duck.com
Brad Long|0000-0002-4575-6165|2|1973|retcleQ@outlook.it
Mi Xiao|3622-0317-4462-1033|1|1977|rMBFdTt@tiscali.it
Lizhe Wang 0001|0000-0003-2766-0845|4|1961|gksYIw@tiscali.it
Uttama Lahiri|9106-9080-2612-4969|7|1952|HjVRCu@gmail.com
Nicolas Le Sommer|0266-6332-5675-8791|6|1942|xSqIjim@outlook.it
Seng Wai Loke|7144-2653-0996-2582|12|1981|OOVfvVC@tiscali.it
Woodrow Barfield|5435-5734-4966-5242|3|1953|gInXN@tiscali.it
Guy Tremblay|5658-7030-0010-3992|9|1965|qwqQTgf@tiscali.it
Peter F. Tropschuh|8405-9924-8079-8606|9|1985|ykDYFP@duck.com
Hans W. Nissen|9889-7192-8546-8786|2|1948|wWHfMHj@gmail.com
Claudio Pacchierotti|0000-0002-8006-9168|5|1982|CSwgeZI@gmail.com
Matthew J. Saltzman|4794-6664-4570-1491|1|1979|ocMyz@gmail.com
Alexander A. Soderlund|8460-5409-1335-9847|1|1983|SqNAIB@duck.com
Paolo Massa|9597-8713-1555-4755|5|1976|uzgdBd@mail.polimi.it
Ba-Tuong Vo|1076-7378-5502-6771|2|1956|sXQnWx@duck.com
Bernhard Rumpe|4623-6559-8413-0678|5|1963|NKVUoq@outlook.it
Paul Grace|0000-0003-2363-0630|8|1981|FrMgdfU@gmail.com
Peter A. Buhr|0223-4470-6741-6918|3|1979|zhChSa@gmail.com
Günter von Bültzingsloewen|5702-3831-0085-7549|5|1989|CnzcH@outlook.it
Ioanna Lykourentzou|1211-2936-3330-4051|8|1985|eELNvt@duck.com
Maxim Zarodnyuk|1845-4516-2614-4141|2|1949|CUISF@tiscali.it
Kishan Sudusinghe|3206-0896-3119-5814|3|1968|hIgxa@tiscali.it
Richard M. Ryan|0000-0002-2355-6154|7|1966|BIKMRD@outlook.it
Manuele Kirsch-Pinheiro|4514-9613-2332-6969|6|1974|DUZAxjL@duck.com
Yannick Fouquet|6260-3052-1799-0474|1|1982|TAvnASM@outlook.it
Giuseppe Martuscelli|5551-7545-5701-5917|8|1961|WaJIk@mail.polimi.it
Luiz Celso Gomes Jr.|0000-0002-1534-9032|1|1941|LUZqP@duck.com
Adam Wright|0427-7097-3751-2302|7|1958|AyxNHs@tiscali.it
Jereme Haack|0345-7951-5306-4329|7|1948|XYrPst@duck.com
Sami Bhiri|4551-6139-7564-7072|7|1985|zuItOKJ@outlook.it
Stephen J. Mellor|0685-5557-2530-7671|12|1977|YJiHV@gmail.com
Weiwei Cui|2953-6446-5673-0399|10|1988|QMSsLk@tiscali.it
Maurice Coyle|3738-5785-2940-8185|9|1982|WCjlB@gmail.com
Changsheng Hua|9205-0958-0047-3074|10|1945|wUqBbbr@gmail.com
Grigoris Antoniou|5561-6699-6599-6597|5|1984|BwufdGE@duck.com
Mohammad J. Rashti|5617-9516-4287-8268|3|1983|getCVl@duck.com
David Levy 0001|7453-3650-5475-2606|5|1982|XhsGU@duck.com
Fabio Salice|2360-3121-9770-9704|3|1951|yOCwz@duck.com
France Chappaz|1342-8045-5636-0299|10|1975|gjTefCe@outlook.it
Ralf Mikut|6608-9497-6956-3987|5|1963|paKWK@gmail.com
P. Krishna Reddy|0073-3584-2351-6563|11|1950|VAMgn@gmail.com
M. Mustafa Rafique|1736-4575-4445-3589|3|1989|qHMbp@tiscali.it
Dheerendra Mishra|0000-0001-8115-6397|1|1942|thZSiZ@gmail.com
Óscar Ibáñez|1461-0343-4898-2311|6|1971|GBlwN@duck.com
Tianqing Zhu|1438-2417-4627-2480|11|1952|PDoDog@duck.com
Linda Makovicka Osvaldova|8784-0336-9484-3037|4|1985|ALHKo@gmail.com
Hani Hagras|7532-4341-3484-9460|4|1986|fLtFN@duck.com
Kim-Kwang Raymond Choo|7477-2679-0451-9003|6|1950|yWFeJ@gmail.com
Prasan Roy|9548-6249-4144-3672|6|1960|sANaLsD@gmail.com
Zeina Torbey|0274-6926-5488-1746|4|1941|CTcmCeN@mail.polimi.it
Hartmut Vogler|6632-7045-4364-0966|8|1944|GzuGa@mail.polimi.it
Gautam H. Thaker|1781-1630-2356-4039|9|1952|pRFSCA@duck.com
Sebastian Tietz|1569-1532-7830-2394|10|1950|jDQsuN@mail.polimi.it
Ludovic Dubost|7122-4440-4442-6484|7|1965|KlUzfn@duck.com
Dawei Jiang|4913-5421-5593-6409|7|1986|RUiwo@gmail.com
Chiang Lee|7266-1457-1698-8907|6|1984|rzsguD@mail.polimi.it
Sanjiva Weerawarana|9764-3330-6685-9245|11|1975|GGSErIl@duck.com
Mohamed Sellami|0000-0002-7547-1857|3|1951|rarXQij@outlook.it
Alastair Peter Dunsmore|1195-4887-0262-8177|7|1968|WxvNpo@mail.polimi.it
Alexander Tuzhilin|3299-3323-2462-9323|4|1974|fljxqx@tiscali.it
Diaraf Seck|8167-5368-4475-2004|8|1980|kSJov@gmail.com
Paola Bonfante|0000-0003-3576-8530|9|1953|pxpJI@duck.com
Philipp Cimiano|6337-3866-0650-6531|2|1979|lEizZft@mail.polimi.it
Aaron Bostrom|4372-1079-6260-7975|7|1960|MeXkPs@gmail.com
Maxime Boudreault|0054-2753-9115-9288|11|1968|tthOLIK@duck.com
Sara Bertoni|0000-0002-0985-0373|4|1964|JZGaJ@gmail.com
Nenad Stojanovic|0529-3372-7155-8783|8|1963|wmPYdm@tiscali.it
Martin Dietzfelbinger|6497-6684-8915-4356|2|1972|uNewCy@gmail.com
Alexander Shapiro|2981-9541-0662-5982|5|1952|CmVEcy@gmail.com
Tom Addis|5949-5247-9347-6567|10|1970|JQpfs@tiscali.it
David Korfkamp|5371-4156-4546-1128|1|1960|zFHImY@duck.com
Goetz Graefe|5107-8707-0945-0942|5|1960|qlluam@gmail.com
Anisoara Nica|1183-2716-0400-5819|3|1959|dcihvQJ@mail.polimi.it
Durga Prasad Bavirisetti|5777-4773-5251-8417|9|1942|jRtUuJJ@outlook.it
René Noël|0000-0002-3652-4645|12|1948|AkDFS@mail.polimi.it
Gianfranco Lombardo|0000-0003-1808-4487|3|1970|RVNFj@outlook.it
W. Hower|2845-2230-7737-0026|6|1986|gvoHrTO@tiscali.it
Mikhail Malyutov|3342-9118-0805-1482|2|1969|wvikN@outlook.it
Marya Ershova|0657-6182-7731-4765|4|1987|qhqxeaM@duck.com
Jonathan Rouzaud-Cornabas|1262-0239-0870-2936|5|1962|aNLnCR@tiscali.it
Angelo Brayner|6978-9367-2124-7506|1|1942|eBpPC@duck.com
Dino Lopez Pacheco|2745-1220-3930-0831|4|1962|Igfng@gmail.com
Elke A. Rundensteiner|3542-6690-6603-9508|5|1952|zFMqHzM@mail.polimi.it
Amel Bouzeghoub|1291-2224-2636-9374|8|1988|CRKlsRh@mail.polimi.it
Muhammad Hoque|8484-6562-0424-1983|2|1975|WcVAr@duck.com
Mustapha Bekhti|8979-8453-6682-1496|5|1963|qUkvR@gmail.com
Jinchuan Chen|6074-8884-3251-4137|8|1972|SyPhiWI@tiscali.it
Stephan Heuel|8027-3519-4685-9151|6|1946|dcUSXyW@gmail.com
Mohamed M. Sabry|6220-1958-0490-4298|6|1986|KvBvY@gmail.com
Manuel Laguna|7578-9941-0493-8233|3|1976|vpmfBd@gmail.com
Thomas H. Lenhard|9583-5694-8325-6998|8|1977|TZEEqYx@gmail.com
Arrigo Cellina|6650-0455-8948-9367|3|1963|ebwRWn@duck.com
Timothy Miles-Board|9857-3873-3415-0566|10|1940|GBMuY@duck.com
Lee Naish|5221-5232-8894-6828|6|1961|CNLFz@gmail.com
Lukasz Golab|2187-9178-8681-7323|7|1974|ZBFvD@outlook.it
Kay A. Robbins|9873-8972-6508-1102|2|1954|RmWJq@gmail.com
V. Dupuis|9707-7956-0814-1672|11|1946|gqAvMXT@duck.com
Agnieszka Barbara Kolasinska|8969-0042-5296-8194|10|1945|oSVywR@duck.com
Andrzej Blikle|9123-6114-1457-1054|3|1988|AQurtb@duck.com
Amel Benna|5303-4528-0310-6770|10|1970|mOGHFcW@duck.com
Elisabeth Rakus-Andersson|5830-2639-1310-3014|3|1974|NJxYtLf@mail.polimi.it
Alan F. Blackwell|8335-0933-5574-3721|6|1983|CTETF@outlook.it
Abderrafiaa Koukam|3876-4289-1414-3540|6|1955|TRDcfJ@duck.com
W. A. Gray|9215-9896-4973-8455|6|1988|KyxhW@mail.polimi.it
Cristina Estéban|2119-5587-1727-8132|2|1967|moVMCWv@gmail.com
Jakub Simko|5579-6559-0594-6272|12|1972|ClRGqf@outlook.it
Bernhard Steffen|5800-5821-6931-2218|12|1976|izGmHBb@outlook.it
Claudia Raibulet|0000-0002-7194-3159|4|1979|ImRki@tiscali.it
Soumendu Chakraborty|4737-4172-5572-6429|11|1978|aCXXmYM@gmail.com
Ondrej Soukup|4840-4325-6648-9391|12|1982|qLFOmLT@tiscali.it
Jifu Zhang|9477-5546-5358-3361|7|1982|EXViR@duck.com
Markus Zanker|3279-3436-0706-6737|1|1967|hTRjyv@tiscali.it
Emmanuelle Anceaume|6549-4787-1138-9573|1|1964|ReXJQFm@mail.polimi.it
Yves A. Lussier|0898-5147-1739-1238|7|1988|AMaBxw@mail.polimi.it
Mehdi Ahmed-Nacer|7550-6298-0720-7179|11|1944|ckvROU@mail.polimi.it
Armir Bujari|0000-0002-1955-7699|8|1953|hVTyq@outlook.it
Aniruddha S. Gokhale|0000-0002-7706-7102|11|1963|foyhT@mail.polimi.it
Nicolas Usunier|5929-5693-3480-0734|7|1965|KDgMJHZ@duck.com
Flavio Ferrarotti|6153-4317-5015-0519|2|1973|lyGFG@duck.com
Abderrazzak El Khayari|8193-0107-5835-6346|11|1963|vMQtcy@duck.com
Andrzej M. Goscinski|9780-2326-6638-9700|11|1977|KZTzncv@tiscali.it
Kostas Stathis|0000-0002-9946-4037|5|1959|rgLYlLV@mail.polimi.it
Renaud Litré|6424-2218-9542-3216|1|1976|VAPQW@mail.polimi.it
Martin Adams|0465-1412-3628-3730|12|1944|RZUPt@duck.com
Jean-Marc Petit|4340-3324-5596-3545|5|1978|LxmjrFt@tiscali.it
Yong Ren 0001|4566-3119-5953-9908|7|1979|lFVfumq@gmail.com
Leen Ammeraal|8688-6887-0747-6228|11|1943|EweLg@duck.com
Sylvain Conchon|8559-9560-0389-5492|11|1974|yNDkCy@tiscali.it
Alek Felstiner|4823-4242-9967-3946|4|1982|KtTzE@duck.com
Philippe Pucheral|2786-6730-2213-5099|11|1950|EWFcQf@mail.polimi.it
Okan Topçu|0000-0003-3900-0078|12|1963|gcmChVT@gmail.com
Ting Yu 0001|4676-0233-0092-5623|9|1940|wExEmw@outlook.it
Teuvo Kohonen|4901-3506-6851-1018|5|1951|dhRYLl@gmail.com
Pavan Balaji|1081-3404-1029-8488|5|1955|YFcnP@mail.polimi.it
Stanley B. Zdonik|1965-4100-8757-4103|5|1980|gxEtd@tiscali.it
Marius Breitmayer|4437-3586-0929-8674|9|1947|nHvBOT@tiscali.it
Yang Du|1283-2177-0277-6477|3|1970|bgExFS@gmail.com
Francesco Frulio|5459-1665-3640-9884|6|1965|GyoNcdu@tiscali.it
Oleg V. Shylo|7294-1282-3765-4892|4|1956|sbXFI@tiscali.it
Veronique Smahi|6939-3663-1962-1031|9|1978|Oanut@duck.com
Carlos Gershenson|0000-0003-0193-3067|10|1972|UnTzdI@tiscali.it
Nico Hempe|4948-2319-8098-7678|7|1965|jsreoW@tiscali.it
Una-May O'Reilly|1107-3476-7781-1055|5|1981|ZpqoC@mail.polimi.it
Gustavo Alonso|8061-5528-0371-6735|5|1968|QwvafkT@outlook.it
Kevin O'Toole|8119-9485-2171-1740|11|1988|tGvVPV@outlook.it
Rachid Bouaziz|5037-7565-9289-6411|3|1956|SmurE@outlook.it
Renny S. N. Lindberg|7127-7360-4694-5225|8|1975|skaAAK@tiscali.it
Phil Kim|1079-2718-7611-5216|5|1944|PsXYKKz@gmail.com
Ian Arundale|1532-3310-2875-0830|5|1967|oHcxWSS@duck.com
Boris Katz|0160-7484-5637-0155|2|1943|gmMhHsy@tiscali.it
Chen Li 0001|2451-2187-8591-4011|9|1967|eyKlF@gmail.com
Unnikrishnan Cheramangalath|2907-7436-6230-3854|8|1971|sMoRUj@duck.com
Philippe Caillou|3773-5353-5349-1197|9|1977|lSvqbJ@mail.polimi.it
Albert Y. Zomaya|0000-0002-3090-1059|5|1974|GBpgg@duck.com
Nathalie Weidenfeld|2354-3373-2560-3301|10|1980|CkUBNR@outlook.it
Mohamed Benmohammed|7797-0875-3857-6084|1|1950|jKlXi@tiscali.it
Massimo Ruffolo|0000-0002-4094-4810|7|1977|vtvGg@tiscali.it
Peng Dong 0001|4873-3545-6249-9489|6|1959|nIqXsf@mail.polimi.it
Iskander Kort|8997-0121-9454-9749|7|1947|lGvmYOD@gmail.com
Martin Burger 0001|5821-6157-0244-7800|1|1981|Nmxrhd@mail.polimi.it
Emir Muñoz|0000-0002-0089-8135|4|1985|kCfbdR@duck.com
Roland Krause|0862-7925-7490-5827|7|1969|bFGtGn@tiscali.it
Masoud Daneshtalab|0000-0001-6289-1521|1|1989|klUAv@duck.com
Romain Rouvoy|2169-7273-8128-0356|2|1963|mBJlGj@tiscali.it
Bingwei Liu|1765-5158-7275-7379|3|1971|goDOUcn@outlook.it
Takaya Kawakatsu|0000-0003-1285-2748|5|1964|ZrDaWrT@duck.com
Mohamed A. Sharaf|1334-6501-4023-3116|10|1985|Akjmf@gmail.com
Christine Collet|6942-6744-5303-1912|1|1984|yaYjF@mail.polimi.it
Joachim Rathmann|5306-4441-8994-6434|8|1969|DeKWqRF@duck.com
Carlo Fantozzi|0000-0003-3210-4632|7|1956|ISXAlIu@gmail.com
Li Li 0040|5911-4433-5140-8726|7|1940|NuWNZSN@gmail.com
Mauro Barbieri|4161-2348-0083-4073|1|1953|BVlXuEk@outlook.it
Madusudhanan Bairappan|8752-7169-0091-2993|3|1972|pFgbp@gmail.com
Éric Leclercq|0000-0001-6382-2288|8|1962|hoQTuF@tiscali.it
Maha Jebalia|3932-0132-3295-1152|6|1952|ChPhE@gmail.com
Juan Pablo Hourcade|5565-9606-9990-2787|1|1943|PTvVHf@duck.com
Wolfgang J. Paul|4788-3042-5614-0023|9|1947|dUCEqzD@outlook.it
Dennis S. Bernstein|4398-7299-4004-1795|4|1946|lZMbr@outlook.it
Adriano Galati|1800-0051-2967-9483|12|1947|dGQDMC@tiscali.it
Davide Rossi|1063-6136-2761-1349|9|1954|YvjEV@tiscali.it
Louis Hoebel|7970-7947-7157-3252|12|1944|pjyzJxd@mail.polimi.it
Philippe Maurant|5866-8994-9954-2460|8|1945|zqoAdp@gmail.com
Zhengkui Wang|0347-3497-1530-1314|9|1942|LmjobL@duck.com
Tommaso Bolognesi|8731-4642-5649-7767|3|1981|dguarCn@duck.com
Martin Swany|6298-1937-6983-6937|1|1987|tEgBL@tiscali.it
Fredrik Milani|2558-0327-5927-1059|11|1984|ZGCWP@mail.polimi.it
Jaksa Vuckovic|7411-4897-6917-0874|2|1986|tVaqu@outlook.it
Denis Iwanesko Didjeko|3597-7877-7981-4004|3|1967|htjOk@outlook.it
Joakim Kävrestad|6783-1443-5830-2221|6|1955|cwCkbo@duck.com
Marco Rainone|0000-3505-5362-7385|11|1962|jythkld@gmail.com
Ralf Kneuper|7530-3112-1350-1440|2|1949|TahHU@gmail.com
Valentina Semucci|0610-2066-9582-2566|2|1962|CixhhV@duck.com
Alfredo Cuzzocrea|0000-0002-7104-6415|2|1974|mWVHfx@duck.com
Arunkumar Thangavelu|3749-5744-2339-2781|10|1951|AurlBg@gmail.com
Luigi Fornaro|4301-3611-9607-9518|1|1979|gdQRnZw@duck.com
Yassine El Ghayam|0000-0002-3921-2620|11|1953|WcQnSQN@mail.polimi.it
Edmund K. Burke|7552-0065-5960-6582|6|1945|RSksYe@tiscali.it
Ravi Jhawar|8614-6268-2796-1952|6|1979|aYpEn@mail.polimi.it
Daniel Herrscher|3728-7379-8205-9584|6|1976|btubF@outlook.it
Nacera Ghoualmi-Zine|0105-5928-0866-7712|8|1953|NonZjj@tiscali.it
Klaus-Dieter Schewe|8512-1615-7449-0018|12|1945|GJamL@mail.polimi.it
Cláudio F. R. Geyer|5589-7617-0550-2663|1|1962|FPutyke@duck.com
Jyotishman Pathak|2873-4591-8021-3212|6|1980|kVrys@gmail.com
Uppaluri S. R. Murty|9547-5400-4126-9412|11|1952|qpqKS@gmail.com
Manoranjan Dash|8914-2985-3554-3364|9|1957|mfgthr@duck.com
Alessandra Cavarra|4775-0485-0568-2100|1|1965|lFkPkF@mail.polimi.it
Sabri Allani|4622-2764-7652-6460|6|1986|FDHRq@duck.com
Jagannathan Srinivasan|7142-3931-0816-2228|9|1959|sXYjRHc@duck.com
Lothar Thiele|3965-3997-6539-1476|5|1966|OIqLaOT@gmail.com
Parvaneh Parvin|2072-4447-7077-7927|2|1972|XeynvhR@gmail.com
Aref Meddeb|2247-5534-9279-6068|12|1964|UMCnj@mail.polimi.it
Peter Pepper|4328-0175-3772-7950|10|1977|ezUwHT@mail.polimi.it
Divyakant Agrawal|9047-3971-3666-4544|5|1947|OFQQmaH@outlook.it
Lakhmi C. Jain|9100-1647-2590-8805|6|1973|pZhCW@mail.polimi.it
Khaled Boussetta|2224-6274-4849-4591|11|1988|DhGgJZp@outlook.it
Francesco Amato|2702-9310-9387-3404|11|1972|ADcMqCn@outlook.it
Farhad Norouzi|6851-0151-2697-4589|7|1966|MssGVX@outlook.it
Lilia Idir|2666-1304-5004-5978|5|1948|mflyjm@mail.polimi.it
Vanga Odelu|0000-0001-6903-0361|4|1974|vOOFYkC@gmail.com
Mercedes Amor|6652-0435-7709-8672|7|1971|XtJpc@tiscali.it
Christos Tryfonopoulos|0000-0003-0640-9088|8|1946|GfWDg@tiscali.it
Kamil Borawski|7261-6304-8618-3159|3|1972|UOdba@duck.com
Jean-Pierre Petit|4512-2354-2453-7292|9|1960|WikHeN@mail.polimi.it
Özlem Özgöbek|9090-3540-7835-1127|12|1940|ZCmjX@gmail.com
Giovanni Quattrone|4026-9862-6469-8779|6|1981|fWgRHC@gmail.com
Christian Böhm|0887-5190-5638-2426|10|1974|pLmNMbC@tiscali.it
Francisco Dominguez|0000-0003-0909-7585|12|1987|vlRCoJ@outlook.it
Laetitia Jourdan|0000-0002-4170-6830|8|1976|JBqEgeg@outlook.it
Jong-Hwan Kim|6598-6909-0833-2982|6|1972|yXUvywX@outlook.it
Igor Bilogrevic|4840-6396-6034-3281|2|1989|xXeVo@duck.com
Mihalis Petropoulos|5422-0282-2098-7806|1|1983|vsIbsHt@gmail.com
Hatem Ibn-Khedher|2429-2100-9496-7919|11|1957|DPHNbx@gmail.com
Susan L. Tighe|7319-3791-0977-1450|3|1958|XNgel@gmail.com
John Longley|0709-1782-0055-2928|1|1961|qACOpPs@tiscali.it
Marco Manca|4487-2523-5080-7276|7|1984|VFkNsq@outlook.it
Marc Finthammer|6276-0319-3940-5577|9|1962|RTZHfzS@outlook.it
Talal H. Noor|6117-4374-8976-8501|9|1963|CDXHTMH@tiscali.it
Jari Veijalainen|8594-3687-2075-5304|10|1975|RgGbfHV@tiscali.it
Yao Xu|8095-1344-7009-9028|1|1965|GCeqyL@outlook.it
Wee-Juan Tan|1820-4974-1394-4999|7|1952|yDaXtvT@tiscali.it
Lorenzo Monti|0000-0002-2087-0535|5|1962|DIxWJwT@tiscali.it
Eleni Papadaki|2023-6731-6863-3844|11|1987|EGPgu@gmail.com
Luca Carlone|9381-4579-7559-2496|8|1941|ekhbJ@tiscali.it
Gabriele Paolacci|0000-0002-9938-7940|7|1972|ltGXY@tiscali.it
Kristina Kapanova|5884-3030-0333-8109|7|1960|QoStZAy@tiscali.it
Gerry Howser|9129-5540-1472-1081|7|1944|xiUEqy@mail.polimi.it
Walter Rudametkin|0000-0003-2903-7600|8|1984|MeKnEu@mail.polimi.it
Hercules Dalianis|5984-3027-4888-9685|7|1984|APADUNH@tiscali.it
Richard Chbeir|2331-6936-6610-2055|4|1972|cDAIfh@mail.polimi.it
Kalyanmoy Deb|8424-8682-3742-2603|7|1988|XYKlHZv@tiscali.it
Jocelyne Elias|1506-2294-8724-3575|2|1978|VPgRCF@gmail.com
Andrea Reale|6198-2894-0482-4748|8|1943|yUPgt@duck.com
Yu Kang 0001|9226-1642-0379-5523|2|1954|urVsg@tiscali.it
Imran Khaliq|0000-0003-3590-1880|12|1985|uCiuv@duck.com
Debabrota Basu|8030-9056-2370-0017|10|1984|FJNiY@tiscali.it
Layth Sliman|0000-0003-3369-7302|3|1980|TuFqllp@duck.com
Francesco Gennai|7567-9665-1391-0708|12|1973|DprWL@gmail.com
Taehyun Kim 0003|6117-7126-8566-4302|3|1967|WtqFqS@mail.polimi.it
Xianyi Zhang|6105-4877-6911-0249|3|1979|nYubIFd@outlook.it
Zahia Guessoum|9548-8308-8932-6705|3|1983|btuEHX@outlook.it
Razak Seidu|0545-7039-5982-9087|3|1971|zAJvTGp@outlook.it
Giacomo Cabri|1860-3094-7371-5270|5|1951|UFriC@outlook.it
Burton S. Garbow|7862-0821-1377-3050|4|1974|iljLY@tiscali.it
Kahina Hassam|8436-9772-9920-6364|12|1945|voGXoF@duck.com
Silvia Bertacchi|9643-8269-3435-0613|6|1982|mSuSw@gmail.com
Filippo Muzzini|0000-0001-6523-0366|5|1942|auHoyy@outlook.it
Mila Nikolova|4180-8991-4150-2999|6|1962|xjppaKX@outlook.it
Giulia Cavagnoli|5783-5247-9559-9915|9|1954|pqLPJf@mail.polimi.it
Vladimir M. Vishnevsky|0000-0001-7373-4847|6|1964|JWfuW@mail.polimi.it
Fatiha Benali|9216-0865-5685-6112|10|1975|vLqWg@gmail.com
B. C. H. Turton|0932-1221-9816-9160|4|1951|uwjXRm@tiscali.it
Antonio Greco|0000-0001-6674-5468|11|1989|Ayymnz@outlook.it
Jean Mayo|5709-5096-7207-5014|5|1969|ifnBMoz@tiscali.it
Rémy Cazabet|0000-0002-9429-3865|11|1987|Hxick@mail.polimi.it
Michele Nucci|7573-5391-8027-4264|9|1947|KUcXRU@mail.polimi.it
Jean-Charles Pomerol|1915-9341-7621-2143|1|1944|bSZQW@outlook.it
Ziad El Bitar|3551-9588-8121-5873|7|1984|NaIcDCl@mail.polimi.it
Marc Shapiro 0001|7622-8647-2018-9707|12|1976|RVZmOl@duck.com
Arie Shoshani|2315-6741-8178-1376|8|1955|OmwVoo@tiscali.it
Sarah Spiekermann-Hoff|0938-5095-3094-7862|10|1971|rnzfGIh@gmail.com
Xi He 0001|4529-2138-1466-9768|3|1987|GKRvaX@gmail.com
Elio Mansour|0000-0002-5325-7526|8|1958|cTToCOb@outlook.it
Jaroslav Zendulka|2873-5934-6427-0101|9|1976|zZSSO@gmail.com
Patrick Meier|7428-7904-5407-6921|4|1961|EtwwIZ@mail.polimi.it
Robert Hopp|0447-6741-9914-3609|10|1983|oHYhxPQ@tiscali.it
Aïcha Mokhtari|0824-8078-7547-5100|5|1963|BeHxSx@duck.com
Lubica Benuskova|0569-0916-5683-2699|3|1967|TUOGNi@tiscali.it
Tanel Tammet|3222-4172-7063-5844|9|1943|KcaiD@outlook.it
Yun Yang 0001|3286-4695-4988-0661|9|1986|EoqoIb@outlook.it
Ramanathan Kavasseri|4639-1766-9471-7826|5|1983|ShhrNS@outlook.it
Sushmita Paul|9461-1806-8319-5104|4|1970|FNGmzSS@gmail.com
Reza Akbarinia|9212-3157-4061-5449|8|1952|ReWnBD@gmail.com
Ian Miguel|9942-6249-2281-0850|11|1989|nMShKik@tiscali.it
Alice James|7279-2995-9047-3254|7|1970|WJUcgD@tiscali.it
Y. Parmantier|1089-5678-8220-6541|8|1977|nNlLRmB@mail.polimi.it
Nga Nguyen Thi|4043-8113-4145-2953|4|1945|syiMR@tiscali.it
Mohamed F. Mokbel|2612-7279-6246-7333|9|1943|KRnXbnS@mail.polimi.it
Thomas Polacsek|2171-6170-9530-9256|5|1943|giAXOs@outlook.it
Dacheng Liu|8647-3935-1167-5659|1|1974|ICbRfg@duck.com
Holger Kaschner|6473-0408-4404-1114|7|1969|NahJor@tiscali.it
Werner Schafhauser|3275-9116-4981-5132|6|1955|YSogds@mail.polimi.it
Atif M. Memon|2269-7782-6009-7741|6|1948|vuTRb@tiscali.it
Angélica de Antonio|9866-1186-8596-2224|9|1950|AmAxI@mail.polimi.it
Sangeet Saha|2118-3388-3959-8899|11|1954|nPguOY@mail.polimi.it
Ramesh C. Jain|8798-5033-6986-2652|4|1972|iUNEGN@outlook.it
Mrutyunjaya Panda|2129-5527-4686-3724|8|1970|drDqxt@gmail.com
Stefan Wild|5457-5024-1727-9876|6|1975|puTJF@duck.com
Enrique Alba 0001|6105-3476-1815-9310|10|1946|jbAltk@outlook.it
Laurent Guittet|1834-4408-5315-1042|12|1944|osIRCxn@duck.com
David Link|5812-1894-8667-0392|9|1982|ongqpPH@mail.polimi.it
Stefano Cimmino|3499-0651-3584-6096|8|1984|vwSCXF@gmail.com
Hendrik Decker|0448-3812-5824-5988|7|1975|AyfJPJB@mail.polimi.it
Alexander Gornov|7443-9622-7814-2411|9|1972|pskVkX@duck.com
Andrea Lodi 0001|0290-1654-2783-7368|3|1971|wyHrl@gmail.com
Marian Borek|2760-5335-5123-5913|12|1961|nfsCV@mail.polimi.it
Thomas R. Gross|6583-6570-0225-9561|6|1987|rDieD@duck.com
Lukas Gruber|9300-0156-8228-8594|12|1948|SHQVqjp@tiscali.it
Anne Benoit|0000-0003-2910-3540|11|1965|CQaoMWM@mail.polimi.it
Clemens Pechstein|1270-7767-3693-6119|2|1984|qwjUhQ@outlook.it
Christopher G. Harris 0001|0000-0002-5214-8512|11|1978|bzjeNj@mail.polimi.it
Edward L. Deci|7667-7839-5388-0539|6|1952|dksRhK@duck.com
Tomohisa Yamaguchi|1705-9584-8388-9868|10|1974|RvolZGM@gmail.com
Daniel Knorreck|7313-6739-8365-9310|12|1967|MDnTUC@gmail.com
Dirk Helbing|3025-4036-6462-7247|5|1965|TApKIKA@duck.com
Nicolas Durand 0001|8474-1552-5647-5615|5|1975|hvdqcz@gmail.com
William R. B. Lionheart|9990-2238-6003-5269|1|1941|iaFUlu@mail.polimi.it
Norberto Mondragón|5176-9023-3553-3254|1|1958|lhHIs@outlook.it
Ron Cytron|9674-1020-4310-1451|1|1955|SbDoae@outlook.it
Jihong Guan|7708-6292-6576-5197|11|1943|NzzWJ@outlook.it
Stuart Dillon|0000-0002-8963-0804|1|1969|nOhkoKs@gmail.com
Stuart Reeves|4313-7165-5747-9261|3|1989|yWYmxOs@mail.polimi.it
Gerhard Friedrich|2579-1254-7654-7119|11|1974|HqLgW@outlook.it
Ben He|7479-0930-7870-5710|9|1957|pylgNi@gmail.com
Lukasz Kaiser|2513-6189-2349-6024|4|1949|EUuSzLr@gmail.com
Pierre Senellart|0000-0002-7909-5369|6|1963|xjflwW@duck.com
Hans Weda|8536-1102-1006-6792|12|1974|XafPoeW@outlook.it
Reza Ghorbani|4615-3360-0486-3346|3|1950|uklxPtB@mail.polimi.it
Edmond Bianco|2046-3016-6162-6149|5|1945|jVcJm@outlook.it
Kelsey Karpinski|6971-8982-0328-9667|12|1985|cCLOM@gmail.com
Paul De Bra|6785-8161-9123-3712|12|1979|iynCmI@mail.polimi.it
Mohamad Kanaan|9783-9797-6887-5291|4|1944|cHRfr@gmail.com
Paul Hertz|2221-4151-7727-5650|1|1968|XZOLuwV@outlook.it
Giancarlo Succi|2663-8641-0425-9720|10|1972|gqHVF@outlook.it
Chang Zhao|4496-6382-2521-5563|11|1961|Olhjh@tiscali.it
Than Van Le|8994-3537-0828-1342|1|1943|sHjQty@duck.com
Jaakko Astola|0000-0002-2750-5311|6|1983|vgGAFk@tiscali.it
Valérie Issarny|5864-4733-9754-1504|12|1966|WYtgYEj@gmail.com
Ashwin Machanavajjhala|6687-2837-9146-4952|6|1948|FusZEl@gmail.com
Hui Jin 0001|4476-5374-4894-9858|12|1941|chBDAtg@tiscali.it
Christoph G. Jung|8503-1384-5695-6225|6|1969|QFpQis@mail.polimi.it
Georg Rainer Hofmann|1712-7414-0253-1638|1|1953|EOqeWJU@gmail.com
Hai-Tao Zhang|4332-8216-4372-5743|1|1972|MJobHBZ@mail.polimi.it
Wolfgang Deiters|3981-0044-4197-9784|11|1984|ovOCBS@tiscali.it
Jirí Soukup|5983-5205-9737-7795|12|1961|RCTcogO@duck.com
Wooju Kim|0000-0001-5828-178X|8|1975|hkTjsv@outlook.it
Aboubacar Cissé|2270-8939-5848-9499|11|1951|QVEiPOr@outlook.it
Erfan Sheikhi|9627-4435-5029-3017|3|1943|XtofQe@mail.polimi.it
Henri Prade|9490-4609-1243-3649|3|1945|ztgrH@tiscali.it
